model,split,accuracy,precision,recall,f1,roc_auc
Logistic Regression,validation,0.5072463768115942,0.51953125,0.3993993993993994,0.45161290322580644,0.5084409991386736
Logistic Regression,test,0.4964574898785425,0.5021097046413502,0.47647647647647645,0.4889573703133025,0.4936835504901012
Random Forest (baseline),validation,0.5011441647597255,0.5170454545454546,0.2732732732732733,0.3575638506876228,0.5165188444258212
Random Forest (baseline),test,0.5075910931174089,0.5268595041322314,0.2552552552552553,0.34389750505731626,0.5175746370731018
XGBoost,validation,0.524790236460717,0.5344,0.5015015015015015,0.517428350116189,0.5204250762390297
XGBoost,test,0.513663967611336,0.5190380761523046,0.5185185185185185,0.5187781672508763,0.5136568246854838
Neural Network (MLP),validation,0.5179252479023646,0.5389908256880734,0.35285285285285284,0.426497277676951,0.5171287566636404
Neural Network (MLP),test,0.5053137651821862,0.5145565335138795,0.38038038038038036,0.437410071942446,0.5050554648814628
Majority-class baseline,validation,0.4919908466819222,0.0,0.0,0.0,
Coin-flip baseline,validation,0.5270785659801678,0.5352760736196319,0.524024024024024,0.5295902883156297,
Majority-class baseline,test,0.4944331983805668,0.0,0.0,0.0,
Coin-flip baseline,test,0.4967105263157895,0.5022761760242792,0.496996996996997,0.499622641509434,
