,0
l3_total_minus_line,0.06107945859368577
h_sd_total_pts,0.05365001516249752
exp_total_sd,0.05041417991540049
h_sd_pts_for,0.04957762323006076
a_sd_pts_against,0.040337638023558775
travel_diff_km,0.0399921630597519
a_l3_opp_sd_for,0.03893763303192264
h_l3_pts_for,0.03826911873738381
a_sd_pts_for,0.038242315332436584
h_l3_opp_sd_against,0.03668110135515818
sd_total_minus_line,0.036166770794197015
a_l3_total_pts,0.03442523717200009
a_l3_margin,0.03391696372099533
exp_total_l3,0.03352703721965156
h_l3_opp_sd_for,0.03138626133699809
h_travel_km,0.031220141042298886
a_l3_opp_sd_against,0.03110961635497763
a_sd_total_pts,0.030922937321024413
h_sd_pts_against,0.030597395204357312
h_l3_total_pts,0.028359506198957333
h_l3_margin,0.028099307298738652
abs_spread,0.027842678975149516
h_l3_pts_against,0.027792414725158268
a_l3_pts_against,0.024312237881953226
a_l3_pts_for,0.024167475331894964
a_travel_km,0.023806802057778065
line_total,0.02305452251143325
h_games_last7,0.010272700104307298
a_rest_days,0.009179184612930718
h_rest_days,0.008446400196955946
a_games_last7,0.005598008751863766
a_l3_win,0.005087774400522035
h_l3_win,0.0037664871192282603
a_b2b,0.003750989464990892
both_b2b,0.0019487292216750793
h_b2b,0.001684824535146341
home_favored,0.0013157431263204958
is_playoff,0.0010606068766390807
